tabela,coluna,tipo
orders,order_id,object
orders,customer_id,object
orders,order_status,object
orders,order_purchase_timestamp,datetime64[ns]
orders,order_approved_at,datetime64[ns]
orders,order_delivered_carrier_date,datetime64[ns]
orders,order_delivered_customer_date,datetime64[ns]
orders,order_estimated_delivery_date,datetime64[ns]
items,order_id,object
items,order_item_id,int64
items,product_id,object
items,seller_id,object
items,shipping_limit_date,datetime64[ns]
items,price,float64
items,freight_value,float64
payments,order_id,object
payments,payment_sequential,int64
payments,payment_type,object
payments,payment_installments,int64
payments,payment_value,float64
reviews,review_id,object
reviews,order_id,object
reviews,review_score,int64
reviews,review_comment_title,object
reviews,review_comment_message,object
reviews,review_creation_date,datetime64[ns]
reviews,review_answer_timestamp,datetime64[ns]
customers,customer_id,object
customers,customer_unique_id,object
customers,customer_zip_code_prefix,int64
customers,customer_city,object
customers,customer_state,object
sellers,seller_id,object
sellers,seller_zip_code_prefix,int64
sellers,seller_city,object
sellers,seller_state,object
products,product_id,object
products,product_category_name,object
products,product_name_lenght,float64
products,product_description_lenght,float64
products,product_photos_qty,float64
products,product_weight_g,float64
products,product_length_cm,float64
products,product_height_cm,float64
products,product_width_cm,float64
geolocation,geolocation_zip_code_prefix,int64
geolocation,geolocation_lat,float64
geolocation,geolocation_lng,float64
geolocation,geolocation_city,object
geolocation,geolocation_state,object
translation,product_category_name,object
translation,product_category_name_english,object
