atraso_dias,pedidos,nota_media
-30,302,4.243
-29,375,4.275
-28,488,4.256
-27,747,4.299
-26,808,4.226
-25,792,4.275
-24,908,4.266
-23,1062,4.311
-22,1252,4.27
-21,1837,4.341
-20,2803,4.312
-19,2949,4.369
-18,2693,4.357
-17,3116,4.331
-16,3398,4.338
-15,3888,4.333
-14,5318,4.349
-13,7090,4.329
-12,5926,4.338
-11,4526,4.311
-10,4592,4.303
-9,4618,4.333
-8,4606,4.293
-7,4800,4.257
-6,4815,4.256
-5,3603,4.247
-4,2208,4.196
-3,1903,4.147
-2,1715,4.12
-1,1540,4.125
0,1450,4.158
1,1280,4.036
2,820,3.732
3,536,3.179
4,496,2.683
5,436,2.498
6,434,2.192
7,407,1.811
8,471,1.917
9,330,1.709
10,219,1.667
11,207,1.582
12,177,1.726
13,155,1.665
14,189,1.735
15,169,1.592
16,155,1.71
17,94,1.676
18,89,1.674
19,73,1.726
20,74,1.514
21,86,1.645
22,76,1.671
23,64,1.719
24,34,1.471
25,52,1.538
26,39,1.603
27,33,1.364
28,40,1.525
29,46,1.609
30,37,1.324
