categoria,pedidos,receita,nota_media,pct_atraso,quadrante
health_beauty,8836,1258681.34,4.18,8.96,Sustenta o faturamento
watches_gifts,5624,1205005.68,4.07,8.52,"Risco: muita receita, nota baixa"
bed_bath_table,9417,1036988.68,3.97,8.75,"Risco: muita receita, nota baixa"
sports_leisure,7720,988048.97,4.17,7.76,Sustenta o faturamento
computers_accessories,6689,911954.32,4.03,7.7,"Risco: muita receita, nota baixa"
furniture_decor,6449,729762.49,4.01,8.48,"Risco: muita receita, nota baixa"
cool_stuff,3632,635290.85,4.17,6.83,Sustenta o faturamento
housewares,5884,632248.66,4.14,6.95,Sustenta o faturamento
auto,3897,592720.11,4.09,8.61,"Risco: muita receita, nota baixa"
garden_tools,3518,485256.46,4.14,7.95,Sustenta o faturamento
toys,3886,483946.6,4.19,7.52,Sustenta o faturamento
baby,2885,411764.89,4.04,9.18,"Risco: muita receita, nota baixa"
perfumery,3162,399124.87,4.2,7.39,Sustenta o faturamento
telephony,4199,323667.53,4.0,8.53,"Risco: muita receita, nota baixa"
office_furniture,1273,273960.7,3.62,9.17,"Risco: muita receita, nota baixa"
stationery,2311,230943.23,4.24,7.77,Sustenta o faturamento
computers,181,222963.13,4.17,7.34,Sustenta o faturamento
pet_shop,1710,214315.41,4.24,6.28,Sustenta o faturamento
musical_instruments,628,191498.88,4.18,8.84,Sustenta o faturamento
small_appliances,630,190648.58,4.17,6.24,Sustenta o faturamento
sem_categoria,1451,179535.28,3.91,9.12,"Risco: muita receita, nota baixa"
electronics,2550,160246.74,4.1,9.81,"Risco: muita receita, nota baixa"
consoles_games,1062,157465.22,4.07,8.15,"Risco: muita receita, nota baixa"
fashion_bags_accessories,1864,152823.54,4.19,6.65,Sustenta o faturamento
construction_tools_construction,748,144677.59,4.08,9.1,"Risco: muita receita, nota baixa"
luggage_accessories,1034,140429.98,4.33,5.5,Sustenta o faturamento
home_appliances_2,234,113317.74,4.13,7.05,Potencial de crescimento
home_construction,490,83088.12,3.97,8.07,Baixa prioridade
home_appliances,764,80171.53,4.16,6.69,Potencial de crescimento
agro_industry_and_commerce,182,72530.47,4.02,5.08,Baixa prioridade
furniture_living_room,422,68916.56,4.03,8.45,Baixa prioridade
fixed_telephony,217,59583.0,3.9,5.19,Baixa prioridade
home_confort,397,58572.04,3.86,10.46,Baixa prioridade
air_conditioning,253,55024.96,4.03,4.07,Baixa prioridade
audio,350,50688.5,3.83,12.93,Baixa prioridade
books_general_interest,512,46856.88,4.46,6.87,Potencial de crescimento
kitchen_dining_laundry_garden_furniture,248,46328.37,4.05,4.56,Baixa prioridade
construction_tools_lights,244,41080.0,4.12,9.09,Potencial de crescimento
construction_tools_safety,167,40544.52,3.85,4.4,Baixa prioridade
industry_commerce_and_business,235,39669.61,4.19,8.23,Potencial de crescimento
food,450,29393.41,4.28,9.98,Potencial de crescimento
market_place,280,28378.47,4.03,4.74,Baixa prioridade
costruction_tools_garden,194,25715.89,4.19,6.84,Potencial de crescimento
art,202,24202.64,4.03,7.69,Baixa prioridade
fashion_shoes,240,23562.77,4.22,6.38,Potencial de crescimento
drinks,297,22428.7,4.16,6.62,Potencial de crescimento
signaling_and_security,140,21509.23,4.11,5.8,Potencial de crescimento
books_technical,260,19096.06,4.4,10.94,Potencial de crescimento
food_drink,227,15179.48,4.38,6.33,Potencial de crescimento
fashion_male_clothing,112,10797.82,3.7,4.72,Baixa prioridade
fashion_underwear_beach,121,9541.55,3.93,12.82,Baixa prioridade
christmas_supplies,128,8800.82,4.06,9.6,Baixa prioridade
