categoria,pedidos,nota_media
office_furniture,1273,3.62
fashion_male_clothing,112,3.7
audio,350,3.83
construction_tools_safety,167,3.85
home_confort,397,3.86
fixed_telephony,217,3.9
fashion_underwear_beach,121,3.93
home_construction,490,3.97
bed_bath_table,9417,3.97
telephony,4199,4.0
furniture_decor,6449,4.01
agro_industry_and_commerce,182,4.02
art,202,4.03
computers_accessories,6689,4.03
air_conditioning,253,4.03
furniture_living_room,422,4.03
market_place,280,4.03
baby,2885,4.04
kitchen_dining_laundry_garden_furniture,248,4.05
christmas_supplies,128,4.06
consoles_games,1062,4.07
watches_gifts,5624,4.07
construction_tools_construction,748,4.08
auto,3897,4.09
electronics,2550,4.1
signaling_and_security,140,4.11
construction_tools_lights,244,4.12
home_appliances_2,234,4.13
garden_tools,3518,4.14
housewares,5884,4.14
home_appliances,764,4.16
drinks,297,4.16
sports_leisure,7720,4.17
cool_stuff,3632,4.17
small_appliances,630,4.17
computers,181,4.17
health_beauty,8836,4.18
musical_instruments,628,4.18
industry_commerce_and_business,235,4.19
toys,3886,4.19
fashion_bags_accessories,1864,4.19
costruction_tools_garden,194,4.19
perfumery,3162,4.2
fashion_shoes,240,4.22
pet_shop,1710,4.24
stationery,2311,4.24
food,450,4.28
luggage_accessories,1034,4.33
food_drink,227,4.38
books_technical,260,4.4
books_general_interest,512,4.46
