,clientes,vendedores,pct_clientes,pct_vendedores
SP,41746,1849,41.98,59.74
RJ,12852,171,12.92,5.53
MG,11635,244,11.7,7.88
RS,5466,129,5.5,4.17
PR,5045,349,5.07,11.28
SC,3637,190,3.66,6.14
BA,3380,19,3.4,0.61
DF,2140,30,2.15,0.97
ES,2033,23,2.04,0.74
GO,2020,40,2.03,1.29
PE,1652,9,1.66,0.29
CE,1336,13,1.34,0.42
PA,975,1,0.98,0.03
MT,907,4,0.91,0.13
MA,747,1,0.75,0.03
MS,715,5,0.72,0.16
PB,536,6,0.54,0.19
PI,495,1,0.5,0.03
RN,485,5,0.49,0.16
AL,413,0,0.42,0.0
SE,350,2,0.35,0.06
TO,280,0,0.28,0.0
RO,253,2,0.25,0.06
AM,148,1,0.15,0.03
AC,81,1,0.08,0.03
AP,68,0,0.07,0.0
RR,46,0,0.05,0.0
