categoria,pedidos,itens,receita,preco_medio,preco_mediano,frete_medio,ticket_medio,pct_receita,frete_sobre_preco,avaliacoes,nota_media,pct_nota_baixa,pct_atraso,tempo_entrega_medio
health_beauty,8836,9670,1258681.34,130.16,79.9,18.88,142.45,9.26,14.5,8771,4.18,12.66,8.96,11.61
watches_gifts,5624,5991,1205005.68,201.14,129.0,16.78,214.26,8.87,8.34,5576,4.07,15.19,8.52,12.33
bed_bath_table,9417,11115,1036988.68,93.3,79.05,18.42,110.12,7.63,19.74,9313,3.97,16.63,8.75,12.52
sports_leisure,7720,8641,988048.97,114.34,78.0,19.51,127.99,7.27,17.06,7669,4.17,13.0,7.76,11.78
computers_accessories,6689,7827,911954.32,116.51,81.99,18.82,136.34,6.71,16.15,6649,4.03,16.0,7.7,12.73
furniture_decor,6449,8334,729762.49,87.56,65.49,20.73,113.16,5.37,23.67,6398,4.01,16.63,8.48,12.6
cool_stuff,3632,3796,635290.85,167.36,129.99,22.14,174.91,4.67,13.23,3599,4.17,12.5,6.83,11.92
housewares,5884,6964,632248.66,90.79,59.8,20.99,107.45,4.65,23.12,5843,4.14,13.14,6.95,10.62
auto,3897,4235,592720.11,139.96,84.9,21.88,152.1,4.36,15.63,3877,4.09,14.42,8.61,11.87
garden_tools,3518,4347,485256.46,111.63,59.9,22.77,137.94,3.57,20.39,3496,4.14,13.42,7.95,13.16
