categoria,receita,pct_receita,pct_acumulado,posicao
health_beauty,1258681.34,9.26,9.26,1
watches_gifts,1205005.68,8.87,18.13,2
bed_bath_table,1036988.68,7.63,25.76,3
sports_leisure,988048.97,7.27,33.03,4
computers_accessories,911954.32,6.71,39.74,5
furniture_decor,729762.49,5.37,45.11,6
cool_stuff,635290.85,4.67,49.78,7
housewares,632248.66,4.65,54.43,8
auto,592720.11,4.36,58.79,9
garden_tools,485256.46,3.57,62.36,10
toys,483946.6,3.56,65.92,11
baby,411764.89,3.03,68.95,12
perfumery,399124.87,2.94,71.89,13
telephony,323667.53,2.38,74.27,14
office_furniture,273960.7,2.02,76.29,15
stationery,230943.23,1.7,77.99,16
computers,222963.13,1.64,79.63,17
pet_shop,214315.41,1.58,81.21,18
musical_instruments,191498.88,1.41,82.62,19
small_appliances,190648.58,1.4,84.02,20
sem_categoria,179535.28,1.32,85.34,21
electronics,160246.74,1.18,86.52,22
consoles_games,157465.22,1.16,87.68,23
fashion_bags_accessories,152823.54,1.12,88.8,24
construction_tools_construction,144677.59,1.06,89.86,25
luggage_accessories,140429.98,1.03,90.89,26
home_appliances_2,113317.74,0.83,91.72,27
home_construction,83088.12,0.61,92.33,28
home_appliances,80171.53,0.59,92.92,29
agro_industry_and_commerce,72530.47,0.53,93.45,30
furniture_living_room,68916.56,0.51,93.96,31
fixed_telephony,59583.0,0.44,94.4,32
home_confort,58572.04,0.43,94.83,33
air_conditioning,55024.96,0.4,95.23,34
audio,50688.5,0.37,95.6,35
small_appliances_home_oven_and_coffee,47445.71,0.35,95.95,36
books_general_interest,46856.88,0.34,96.29,37
kitchen_dining_laundry_garden_furniture,46328.37,0.34,96.63,38
construction_tools_lights,41080.0,0.3,96.93,39
construction_tools_safety,40544.52,0.3,97.23,40
industry_commerce_and_business,39669.61,0.29,97.52,41
food,29393.41,0.22,97.74,42
market_place,28378.47,0.21,97.95,43
costruction_tools_garden,25715.89,0.19,98.14,44
art,24202.64,0.18,98.32,45
fashion_shoes,23562.77,0.17,98.49,46
drinks,22428.7,0.17,98.66,47
signaling_and_security,21509.23,0.16,98.82,48
furniture_bedroom,20028.78,0.15,98.97,49
books_technical,19096.06,0.14,99.11,50
costruction_tools_tools,15903.95,0.12,99.23,51
food_drink,15179.48,0.11,99.34,52
fashion_male_clothing,10797.82,0.08,99.42,53
fashion_underwear_beach,9541.55,0.07,99.49,54
christmas_supplies,8800.82,0.06,99.55,55
tablets_printing_image,7528.41,0.06,99.61,56
cine_photo,6933.46,0.05,99.66,57
music,6034.35,0.04,99.7,58
dvds_blu_ray,5999.39,0.04,99.74,59
books_imported,4639.85,0.03,99.77,60
party_supplies,4485.18,0.03,99.8,61
furniture_mattress_and_upholstery,4368.08,0.03,99.83,62
portateis_cozinha_e_preparadores_de_alimentos,3968.53,0.03,99.86,63
fashio_female_clothing,2803.64,0.02,99.88,64
fashion_sport,2119.51,0.02,99.9,65
la_cuisine,2054.99,0.02,99.92,66
arts_and_craftmanship,1814.01,0.01,99.93,67
diapers_and_hygiene,1567.59,0.01,99.94,68
pc_gamer,1545.95,0.01,99.95,69
flowers,1110.04,0.01,99.96,70
home_comfort_2,760.27,0.01,99.97,71
cds_dvds_musicals,730.0,0.01,99.98,72
fashion_childrens_clothes,569.85,0.0,99.98,73
security_and_services,283.29,0.0,99.98,74
